{
	"info": {
		"_postman_id": "a7bd7ba8-c1b0-4e93-8e43-eed0f3b6a5da",
		"name": "ITIS4180 Contacts App",
		"schema": "https://schema.getpostman.com/json/collection/v2.1.0/collection.json"
	},
	"item": [
		{
			"name": "/contacts",
			"request": {
				"method": "GET",
				"header": [],
				"url": {
					"raw": "https://www.theappsdr.com/contacts",
					"protocol": "https",
					"host": [
						"www",
						"theappsdr",
						"com"
					],
					"path": [
						"contacts"
					]
				}
			},
			"response": []
		},
		{
			"name": "/contact/{id}",
			"request": {
				"method": "GET",
				"header": [],
				"url": {
					"raw": "https://www.theappsdr.com/contact/1",
					"protocol": "https",
					"host": [
						"www",
						"theappsdr",
						"com"
					],
					"path": [
						"contact",
						"1"
					]
				}
			},
			"response": []
		},
		{
			"name": "/contact/create",
			"request": {
				"method": "POST",
				"header": [],
				"body": {
					"mode": "formdata",
					"formdata": [
						{
							"key": "name",
							"value": "Tom Smith",
							"type": "text"
						},
						{
							"key": "email",
							"value": "t@t.com",
							"type": "text"
						},
						{
							"key": "phone",
							"value": "123-456-7890",
							"type": "text"
						},
						{
							"key": "type",
							"value": "OFFICE",
							"description": "CELL, OFFICE or HOME",
							"type": "text"
						}
					]
				},
				"url": {
					"raw": "https://www.theappsdr.com/contact/create",
					"protocol": "https",
					"host": [
						"www",
						"theappsdr",
						"com"
					],
					"path": [
						"contact",
						"create"
					]
				}
			},
			"response": []
		},
		{
			"name": "/contact/update",
			"request": {
				"method": "POST",
				"header": [],
				"body": {
					"mode": "formdata",
					"formdata": [
						{
							"key": "id",
							"value": "8",
							"type": "text"
						},
						{
							"key": "name",
							"value": "Bob Smith",
							"type": "text"
						},
						{
							"key": "email",
							"value": "b@c.com",
							"type": "text"
						},
						{
							"key": "phone",
							"value": "123-456-7890",
							"type": "text"
						},
						{
							"key": "type",
							"value": "HOME",
							"description": "CELL, OFFICE or HOME",
							"type": "text"
						}
					]
				},
				"url": {
					"raw": "https://www.theappsdr.com/contact/update",
					"protocol": "https",
					"host": [
						"www",
						"theappsdr",
						"com"
					],
					"path": [
						"contact",
						"update"
					]
				}
			},
			"response": []
		},
		{
			"name": "/contact/delete",
			"request": {
				"method": "POST",
				"header": [],
				"body": {
					"mode": "formdata",
					"formdata": [
						{
							"key": "id",
							"value": "72",
							"type": "text"
						}
					]
				},
				"url": {
					"raw": "https://www.theappsdr.com/contact/delete",
					"protocol": "https",
					"host": [
						"www",
						"theappsdr",
						"com"
					],
					"path": [
						"contact",
						"delete"
					]
				}
			},
			"response": []
		}
	]
}